url,pub_date,pub_date_guess,pub_date_match,pub_date_diff,language,language_guess,language_match,title,title_guess,title_match
https://www.cbc.ca/news/canada/kitchener-waterloo/teen-driver-charged-following-collision-near-shakespeare-opp-say-1.5230335?cmp=rss,2019-07-30,2019-07-30,True,0,en,en,True,Teen driver charged following collision near Shakespeare: OPP,Teen driver charged following collision near Shakespeare: OPP,True
http://entretenimento.uol.com.br/noticias/redacao/2019/08/25/sem-feige-sem-stark-o-sera-do-homem-aranha-longe-do-mcu.htm,2019-08-25,2019-08-25,True,0,pt,pt,True,"Disputa Disney x Sony | Sem Feige, sem Stark: o que será do Homem-Aranha longe do MCU","Sem Feige, sem Stark: O que Homem-Aranha poderá fazer fora do MCU",False
http://gori.me/apple/apple-news/118366,2019-06-26,2019-06-26,True,0,ja,ja,True,ARMのリード・アーキテクトだったMike Filippo氏、Appleに転職へ,ARMのリード・アーキテクトだったMike Filippo氏、Appleに転職へ,True
http://feeds.tsf.pt/~r/TSF-Portugal/~3/Kc27nO9OH38/conselho-nacional-promete-ser-tenso-e-com-jogadas-de-bastidores-11165377.html,2019-07-30,2019-07-30,True,0,pt,pt,True,Conselho Nacional promete ser tenso e com jogadas de bastidores,Aprovadas listas do PSD para as eleições Legislativas,False
https://www.thestar.com/business/economy/opinion/2019/08/23/what-the-fed-could-learn-from-canada.html,2019-08-23,2019-08-23,True,0,en,en,True,What the Fed could learn from Canada,What the Fed could learn from Canada,True
https://www.bhaskar.com/chhatisgarh/korba/news/chhattisgarh-news-13-students-of-mgm-balco-school-will-show-up-at-state-level-soccer-competition-071506-5010690.html,2019-07-16,2019-07-16,True,0,hi,hi,True, एमजीएम बालको स्कूल के 13 छात्र राज्य स्तरीय फुटबाल स्पर्धा में दिखाएंगे जौहर ,एमजीएम बालको स्कूल के 13 छात्र राज्य स्तरीय फुटबाल स्पर्धा में दिखाएंगे जौहर,False
https://www.yjc.ir/fa/news/6924752/فرانسه-از-چین-و-آمریکا-خواست-از-تنش‌های-تجاری-اجتناب-کنند,2019-05-07,2019-05-07,True,0,fa,fa,True,فرانسه از چین و آمریکا خواست از تنش‌های تجاری اجتناب کنند,فرانسه از چین و آمریکا خواست از تنش‌های تجاری اجتناب کنند,True
http://www.haberler.com/flash-2-12293409-haberi/,2019-07-31,2019-07-31,True,0,tr,tr,True,flash,flash,True
http://www.atv.hu/belfold/20190730-gyarfas-ugyvedje-aki-a-vadiratot-alkotta-nem-biztos-hogy-az-ugy-minden-reszletet-megismerte,2019-07-30,2022-04-21,False,-996,hu,hu,True," Gyárfás ügyvédje: Aki a vádiratot alkotta, nem biztos, hogy az ügy minden részletét megismerte ",ATV,False
http://oshiete.goo.ne.jp/qa/11263234.html,2019-08-23,2019-08-23,True,0,ja,ja,True,携帯電話の乗り換えと機種変についてです。 今のキャリアは、SoftBankですが、auに乗り換えをし,携帯電話の乗り換えと機種変についてです。 今のキャリアは、SoftBankですが、auに乗り換えをし,True
http://www.balatarin.com/permlink/2017/3/9/4457037,2017-03-09,2017-03-09,True,0,fa,fa,True,اوما تورمن در برابر دوربین لارس فون‌تریه,اوما تورمن در برابر دوربین لارس فون‌تریه,True
http://www.washingtontimes.com/news/2017/may/12/ricketts-nebraska-will-benefit-from-exporting-beef/?utm_source=RSS_Feed&utm_medium=RSS,2017-05-12,2017-05-12,True,0,en,en,True,Ricketts: Nebraska will benefit from exporting beef to China,Ricketts: Nebraska will benefit from exporting beef to China,True
http://timesofindia.indiatimes.com/videos/news/punjab-exit-poll-c-voter-predicts-majority-for-aap/videoshow/57559218.cms,2017-03-09,2017-03-09,True,0,en,en,True,Punjab exit poll: C-Voter predicts majority for AAP,Punjab exit poll: C-Voter predicts majority for AAP,True
https://inopressa.ru/article/09Mar2017/welt/deutschland.html?utm_source=rss,2017-03-09,2022-08-11,False,-1981,en,ru,False,ИГИЛ* еще активнее берет Германию на прицел,ИГИЛ* еще активнее берет Германию на прицел,True
https://rpp.pe/peru/arequipa/arequipa-que-implica-el-estado-de-emergencia-en-caraveli-y-atico-por-la-muerte-de-14-personas-noticia-1411007,2022-06-10,2022-06-10,True,0,es,es,True,Arequipa: ¿Qué implica el estado de emergencia en Caravelí y Atico por la muerte de 14 personas?,Arequipa: ¿Qué implica el estado de emergencia en Caravelí y Atico por la muerte de 14 personas?,True
https://borkena.com/2022/06/12/andualem-aragie-remarks-on-recent-political-developments/,2022-06-12,2022-06-12,True,0,en,en,True,"Andualem Aragie remarks on recent political dev’ts . “We are returning to the path from yesterday,” he says","Andualem Aragie remarks on recent political dev'ts . ""We are returning to the path from yesterday,"" he says",False
https://www.nenoticias.com.br/policia-civil-prende-suspeito-de-roubos-a-motoristas-de-aplicativo/?utm_source=rss&utm_medium=rss&utm_campaign=policia-civil-prende-suspeito-de-roubos-a-motoristas-de-aplicativo,2022-06-09,2022-06-09,True,0,pt,pt,True,Polícia Civil prende suspeito de roubos a motoristas de aplicativo,Polícia Civil prende suspeito de roubos a motoristas de aplicativo,True
https://www.nieuwsblad.be/cnt/dmf20220620_95637119,2022-06-20,2022-06-20,True,0,nl,nl,True,Gezellig verpozen op diverse beurzen aan Stadionvijvers,Gezellig verpozen op diverse beurzen aan Stadionvijvers,True
https://www.lanacion.com.ar/agencias/iran-promete-una-respuesta-inmediata-ante-cualquier-accion-politica-de-oiea-ministerio-nid03062022/,2022-06-03,2022-06-03,True,0,es,es,True,"Irán promete una respuesta ""inmediata"" ante cualquier acción ""política"" de OIEA (ministerio)","Irán promete una respuesta ""inmediata"" ante cualquier acción ""política"" de OIEA (ministerio)",True
https://ina-online.net/a-do-te-merr-maqedonia-date-per-fillim-te-negociatave-me-be-ne-kete-muaj-grliq-radman-teknikisht-gjithcka-eshte-e-mundur/,2022-06-15,2022-06-15,True,0,sq,sq,True,A do të merr Maqedonia datë për fillim të negociatave me BE-në këtë muaj? Grliq-Radman: Teknikisht gjithçka është e mundur,A do të merr Maqedonia datë për fillim të negociatave me BE-në këtë muaj? Grliq-Radman: Teknikisht gjithçka është e mundur,True
https://www.mirror.co.uk/sport/football/news/pep-guardiola-makes-new-champions-27089807,2022-05-29,2022-05-29,True,0,en,en,True,Pep Guardiola makes new Champions League admission but again refutes Man City 'failures' tag,Guardiola makes new Champions League admission but again refutes 'failure' tag,False
https://www.larena.it/territori/villafranchese/dal-gelo-dell-antartide-al-consiglio-comunale-1.9244997,2022-03-08,2022-03-09,False,-1,it,it,True,Dal gelo dell’Antartide  al consiglio comunale,Dal gelo dell’Antartide al consiglio comunale,False
https://www.nytimes.com/2022/06/13/nyregion/republican-governor-debate-ny.html,2022-06-13,2022-06-13,True,0,en,en,True,Fealty to Trump Arises as Litmus Test in G.O.P. Debate for N.Y. Governor,Fealty to Trump Arises as Litmus Test in G.O.P. Debate for N.Y. Governor,True
https://www.dattelner-morgenpost.de/dortmund/jagd-und-hund-in-dortmund-groesste-jagdmesse-europas-ist-zurueck-w1760078-p-7000196695/,2022-06-01,2022-06-01,True,0,de,de,True,Größte Jagdmesse Europas ist zurück: „Frauen sind die besseren Hundeführer“,DM+ Größte Jagdmesse Europas ist zurück: „Frauen sind die besseren Hundeführer“,False
https://economia.uol.com.br/mais/ultimas-noticias/2022/06/10/acao-positivo-tecnologia-hoje-cotacao-ibovespa.htm,2022-06-10,2022-06-10,True,0,pt,pt,True,"Positivo Tecnologia: ação fecha em queda de 6,39% nesta sexta; veja valores","Positivo Tecnologia: ação fecha em queda de 6,39% nesta sexta; veja valores",True
http://www.ksilbo.co.kr/news/articleView.html?idxno=937695,2022-06-08,2022-06-09,False,-1,ko,ko,True,폐기물처리 업체 ‘중복규제’ 완화된다,폐기물처리 업체 ‘중복규제’ 완화된다 < 종합 < 사회 < 기사본문,False
https://news.google.com/__i/rss/rd/articles/CBMiPmh0dHA6Ly93d3cubWVkaWF0b2RheS5jby5rci9uZXdzL2FydGljbGVWaWV3Lmh0bWw_aWR4bm89MzA0NTAy0gFBaHR0cDovL3d3dy5tZWRpYXRvZGF5LmNvLmtyL25ld3MvYXJ0aWNsZVZpZXdBbXAuaHRtbD9pZHhubz0zMDQ1MDI?oc=5,2022-06-15,2022-06-16,False,-1,ko,ko,True,"'김건희 리스크' 경고 속에서도 한국경제 ""지나친 시비걸기"" - 미디어오늘",[아침신문 솎아보기] ‘김건희 리스크’ 경고 속에서도 한국경제 “지나친 시비걸기”,False
https://www.vilaweb.cat/noticies/vilalta-erc-nova-direccio-junts/,2022-06-05,2022-06-05,True,0,ca,ca,True,Vilalta demana a la nova direcció de Junts que “no s’equivoquin d’adversaris” i “lleialtat” al govern,"Vilalta demana a la nova direcció de Junts que sigui lleial al govern i que ""no s'equivoqui d'adversari""",False
https://www.indiatoday.in/science/story/australian-scientists-develop-model-to-spot-soft-corals-most-at-risk-of-bleaching-1963181-2022-06-16?utm_source=rss,2022-06-16,2022-06-16,True,0,en,en,True,Australian scientists develop model to spot soft corals most at risk of bleaching,Australian scientists develop model to spot soft corals most at risk of bleaching,True
https://www.ksal.com/high-wheat-quality-expected-despite-yield-drop/,2022-06-15,2022-08-10,False,-56,en,en,True,High Wheat Quality Expected Despite Yield Drop,High Wheat Quality Expected Despite Yield Drop,True
https://www.ladigetto.it/alto-adige/123202-de-varennes%3A-%C2%ABl%26%23039%3Bautonomia-esempio-per-la-comunit%C3%A0-internazionale%C2%BB.html,2022-06-11,2022-06-11,True,0,it,it,True,De Varennes: «L'Autonomia esempio per la comunità internazionale»,De Varennes: «L'Autonomia esempio per la comunità internazionale»,True
https://expressilustrowany.pl/putin-niespodziewanie-odwolal-coroczna-serie-pytan-od-obywateli-jaki-byl-tego-powod/ar/c1-16426475,2022-06-09,2022-06-09,True,0,pl,pl,True,Putin niespodziewanie odwołał coroczną serię pytań od obywateli. Jaki był tego powód?,Putin niespodziewanie odwołał coroczną serię pytań od obywateli. Jaki był tego powód?,True
https://domov.sme.sk/c/22928127/koronavirus-nove-pripady-slovensko-covid-omikron-6-jun.html,2022-06-06,2022-06-06,True,0,sk,sk,True,"PCR testy odhalili 28 infikovaných koronavírusom, nepribudla žiadna nová obeť","PCR testy odhalili 28 infikovaných koronavírusom, nepribudla žiadna nová obeť",True
http://www.afpbb.com/articles/-/3144033,2017-09-24,2017-09-24,True,0,ja,ja,True,シティ、最下位パレスに5発大勝 得失点差で首位に （AFP通信）,シティ、最下位パレスに5発大勝 得失点差で首位に 写真6枚 国際ニュース：AFPBB News,False
http://www.ozap.com/actu/invites-salut-les-terriens-recoit-florent-pagny-et-frederic-lopez/544047,2017-12-01,2017-12-01,True,0,fr,fr,True,"Invités : ""Salut les Terriens !"" reçoit Florent Pagny et Frédéric Lopez","Invités : ""Salut les Terriens !"" reçoit Florent Pagny et Frédéric Lopez",True
https://diariocorreo.pe/politica/fujimoristas-piden-que-senderista-martha-huatay-siga-en-prision-777672/,2017-10-03,2017-10-04,False,-1,es,es,True,Fujimoristas piden que senderista Martha Huatay siga en prisión ,Fujimoristas piden que senderista Martha Huatay siga en prisión,False
http://sn.dk/Koege/Blyp-skal-dyste-mod-resten-af-verden-Det-bliver-vildt/artikel/685492?rss,2017-09-24,2021-07-15,False,-1390,da,da,True,Blyp skal dyste mod resten af verden: - Det bliver vildt,Nyheder - sn.dk,False
http://www.mirror.co.uk/3am/celebrity-news/coronation-streets-bethany-platt-quits-11302669,2017-10-07,2017-10-07,True,0,en,en,True,Coronation Street's Bethany Platt QUITS Weatherfield as disgusting rapist Nathan Curtis is found guilty,Corrie's Bethany Platt quits the cobbles after Nathan is found guilty of rape,False
https://www.boersen-zeitung.de/index.php?isin=&dpasubm=all&ansicht=meldungen&dpaid=1020364,2017-11-08,2022-08-10,False,-1736,de,de,True,Zahl der Arbeitslosen in Tschechien weiter gesunken,Börsen-Zeitung,False
http://www.presseportal.de/blaulicht/pm/104234/3759544,2017-10-13,2017-10-13,True,0,de,de,True,POL-EL: Werlte - Mann nach Unfall in Lebensgefahr,Mann nach Unfall in Lebensgefahr,False
https://www.slideshare.net/RaisaCABRERA/tarea4-de-informatica-80383438,2017-10-02,2017-10-03,False,-1,es,es,True,Herramientas didacticas.,Herramientas didacticas.,True
http://lematin.ch/people/Deces-du-journaliste-Paul-Wermus/story/12988642,2017-09-18,2017-09-18,True,0,fr,fr,True,Décès du journaliste Paul Wermus,Décès du journaliste Paul Wermus,True
https://fr.wikipedia.org/w/index.php?title=Gaelle_Alakame_Azong&diff=157613295&oldid=0,2019-03-17,2019-03-17,True,0,fr,fr,True,Gaelle Alakame Azong,différence entre les versions — Wikipédia,False
http://rssfeeds.azcentral.com/~/365957072/0/phoenix/nation~Phillips-RBI-single-in-th-lifts-Braves-past-Marlins/,2017-06-17,2017-06-17,True,0,en,en,True,"Phillips' RBI single in 10th lifts Braves past Marlins, 8-7","Phillips' RBI single in 10th lifts Braves past Marlins, 8-7",True
https://www.sme.sk/c/22115415/vynovena-skoda-superb-sa-ukaze-v-bratislave-na-hokeji.html,2019-05-07,2019-05-07,True,0,sk,sk,True,Vynovená Škoda Superb sa predstaví v Bratislave počas hokeja,Vynovená Škoda Superb sa predstaví v Bratislave počas hokeja,True
http://rssfeeds.usatoday.com/~/200232428/0/usatoday-newstopstories~Terrorbombing-suspect-Ahmad-Rahami-shares-common-lone-wolf-traits/,2016-09-20,2016-09-20,True,0,en,en,True,Terror-bombing suspect Ahmad Rahami shares common 'lone wolf' traits,Terror-bombing suspect Ahmad Rahami shares common 'lone wolf' traits,True
http://prosoccertalk.nbcsports.com/2015/02/10/watch-live-arsenal-vs-leicester-city-lineups-and-live-stream,2015-02-10,2015-02-10,True,0,en,en,True,Watch Live: Arsenal vs. Leicester City (Lineups and Live Stream),Watch Live: Arsenal vs. Leicester City (Lineups and Live Stream),True
"http://www.giessener-allgemeine.de/regional/kreisgiessen/Kreis-Giessen-Licher-muessen-mindestens-ein-Jahr-auf-ihr-Buergerhaus-verzichten;art457,573724",2019-04-05,2019-04-05,True,0,de,de,True,Licher müssen mindestens ein Jahr auf ihr Bürgerhaus verzichten,Licher müssen mindestens ein Jahr auf ihr Bürgerhaus verzichten,True
http://diariocorreo.pe/mundo/nobel-de-la-paz-malala-yousafzai-condena-ideologia-del-odio-de-donald-trump-640258,2015-12-16,2015-12-16,True,0,es,es,True,"Nobel de la Paz Malala Yousafzai condena ""ideología del odio"" de Donald Trump","Nobel de la Paz Malala Yousafzai condena ""ideología del odio"" de Donald Trump",True
https://fr.wikipedia.org/w/index.php?title=Michael_O%27Neill_(football)&diff=158653136&oldid=148350404,2019-04-22,2009-10-22,False,3469,fr,fr,True,Michael O'Neill (football),différence entre les versions — Wikipédia,False
https://www.adnkronos.com/sport/2019/05/22/maldini-devo-valutare-gattuso-modo-freddo_sg8VqIXJ67C15vWE87c16N.html,2019-05-22,2020-12-14,False,-572,it,it,True,"Calcio: Maldini, 'Gattuso? Vedute diverse ma nostro rapporto supera difficoltà'
 ","Calcio: Maldini, 'Gattuso? Vedute diverse ma nostro rapporto supera difficoltà'",False
https://www.gofundme.com/oaklandhip,2018-01-15,2018-01-15,True,0,en,en,True,"HELP ""OAKLAND""s HIP- Found puppy","HELP ""OAKLAND""s HIP- Found puppy, organized by Az Iza",False
https://elpais.com/internacional/2017/12/12/mexico/1513042160_244137.html#?ref=rss&format=simple&link=link,2017-12-11,2017-12-12,False,-1,es,es,True,"México, en alerta por bajas temperaturas","México, en alerta por bajas temperaturas",True
http://news.ltn.com.tw/news/sports/paper/1068453,2017-01-04,2017-01-05,False,-1,,zh,False,郭總親自懇談 陳鴻文同意出征,郭總親自懇談 陳鴻文同意出征,True
http://www.legacy.com/obituaries/dallasmorningnews/obituary.aspx?n=charles-eugene-jenkins-red&pid=177451096&fhid=15380,2017-01-23,2017-01-23,True,0,en,en,True,"Jenkins,  Charles Eugene  ""Red""","Charles Eugene ""Red"" Jenkins Obituary (1931",False
http://www.jagran.com/delhi/new-delhi-city-11681847.html,2014-10-06,2014-10-06,True,0,hi,hi,True,प्रॉपर्टी के लिए भूपेंद्र ने परिवार को किया तबाह,प्रॉपर्टी के लिए भूपेंद्र ने परिवार को किया तबाह,True
http://www.diariobahiadecadiz.com/noticias/san-fernando/cavada-y-romero-mantienen-otro-encuentro-con-defensa-para-negociar-la-desafectacion-de-suelo-en-camposoto-requerira-un-tiempo-indeterminado/,2016-10-13,2019-02-15,False,-855,es,es,True,Nuevo encuentro con Defensa para negociar la desafectación de suelo en Camposoto: “requerirá un tiempo indeterminado”,Los puntos de los coros (prelis),False
http://www.soychile.cl/Santiago/Sociedad/2015/04/08/315247/La-increible-historia-de-Sergio-Gordon-Canas-el-empleado-publico-mejor-pagado-de-Chile.aspx,2015-04-08,2015-04-08,True,0,es,es,True,"La increíble historia de Sergio Gordon Cañas, el empleado público que jubiló con $3.500 millones","La increíble historia de Sergio Gordon Cañas, el empleado público que jubiló con $3.500 millones",True
https://www.cbc.ca/news/canada/prince-edward-island/pei-votes-dennis-king-1.5090865?cmp=rss,2019-04-09,2019-04-03,False,6,en,en,True,Dennis King aims to bring an outside perspective to P.E.I.'s top job,Dennis King aims to bring an outside perspective to P.E.I.'s top job,True
https://www.news18.com/news/buzz/how-two-women-miles-away-from-home-are-helping-rebuild-bengal-after-cyclone-amphan-brick-by-brick-2638265.html,2020-05-27,2020-05-30,False,-3,en,en,True,"How Two Women, Miles Away From Home, are Helping Rebuild Bengal After Cyclone Amphan 'Brick by Brick'","How Two Women, Miles Away From Home, are Helping Rebuild Bengal After Cyclone Amphan 'Brick by Brick'",True
http://www.noz.de/deutschland-welt/fussball/artikel/557651/der-einbruch-blieb-aus-erfolgreiche-vfl-trauerarbeit,2015-03-19,2015-03-19,True,0,de,de,True,Der Einbruch blieb aus: Erfolgreiche VfL-Trauerarbeit,Der Einbruch blieb aus: Erfolgreiche,False
http://oshiete.goo.ne.jp/qa/11042829.html,2019-03-24,2019-03-24,True,0,ja,ja,True,みなさんは、緊張で眠れなくなることありますか?,みなさんは、緊張で眠れなくなることありますか？ -みなさんは、緊張で- 会社・職場,False
http://www.mlive.com/spartans/index.ssf/2013/08/michigan_state_wr_aaron_burbri.html,2013-08-19,2013-08-19,True,0,en,en,True,"Michigan State WR Aaron Burbridge grows up, hits the film room, tries to raise football IQ","Michigan State WR Aaron Burbridge grows up, hits the film room, tries to raise football IQ",True
http://www.bashinform.ru/news/1301006-v-ufe-inspektory-budut-shtrafovat-voditeley-ne-propuskayushchikh-skoruyu/,2019-04-22,2019-04-22,True,0,ru,ru,True,"В Уфе инспекторы будут штрафовать водителей, не пропускающих «скорую»","В Уфе инспекторы будут штрафовать водителей, не пропускающих «скорую»",True
http://www.presseportal.de/blaulicht/pm/65849/3771906,2017-10-26,2017-10-26,True,0,de,de,True,POL-KLE: Kleve - PKW Aufbruch / Navigationsgerät entwendet,PKW Aufbruch / Navigationsgerät entwendet,False
https://minnesota.cbslocal.com/2019/04/28/authorities-id-pedestrian-killed-in-plymouth-crash/,2019-04-28,2019-04-28,True,0,en,en,True,Authorities ID Pedestrian Killed In Plymouth Crash  WCCO,Authorities ID Pedestrian Killed In Plymouth Crash,False
https://www.haberler.com/il-jandarma-komutani-kidemli-albay-sandal-dan-14584994-haberi/,2021-12-08,2021-12-08,True,0,tr,tr,True,İl Jandarma Komutanı Kıdemli Albay Sandal'dan Rektör Beydemir'e ziyaret,İl Jandarma Komutanı Kıdemli Albay Sandal'dan Rektör Beydemir'e ziyaret,True
https://news.google.com/__i/rss/rd/articles/CBMiS2h0dHBzOi8vd3d3LmVkYWlseS5jby5rci9uZXdzL3JlYWQ_bmV3c0lkPTAxMzcxMDQ2NjI5MTc5MTM2Jm1lZGlhQ29kZU5vPTI1N9IBAA?oc=5,2021-09-10,2021-09-11,False,-1,ko,ko,True,"“추석 민심 잡겠다”…홍남기, 부동산·물가안정 광폭행보 - 이데일리","“추석 민심 잡겠다”…홍남기, 부동산·물가안정 광폭행보",False
https://mundo.sputniknews.com/20210527/el-legislativo-de-hong-kong-aprueba-en-tercera-lectura-enmiendas-al-sistema-electoral-1112608865.html,2021-05-27,2021-05-27,True,0,es,es,True,El Legislativo de Hong Kong aprueba en tercera lectura enmiendas al sistema electoral,El Legislativo de Hong Kong aprueba en tercera lectura enmiendas al sistema electoral,True
https://www.naftemporiki.gr/story/1512647/sta-periptera-tis-deth-o-kuriakos-mitsotakis,2019-09-07,2019-09-07,True,0,el,el,True,Στα περίπτερα της ΔΕΘ ο Κυριάκος Μητσοτάκης,Στα περίπτερα της ΔΕΘ ο Κυριάκος Μητσοτάκης,True
http://www.finanznachrichten.de/nachrichten-2013-05/26883976-shareholder-alert-the-law-firm-of-levi-korsinsky-llp-launches-an-investigation-into-possible-breaches-of-fiduciary-duty-by-the-board-of-directors-008.htm,2013-05-20,2013-05-26,False,-6,en,en,True,"SHAREHOLDER ALERT: The Law Firm of Levi & Korsinsky, LLP Launches an Investigation into Possible Breaches of Fiduciary Duty by the Board of Directors of Asta Funding, Inc.","SHAREHOLDER ALERT: The Law Firm of Levi & Korsinsky, LLP Launches an Investigation into Possible Breaches of Fiduciary Duty by the Board of Directors of Asta Funding, Inc.",True
https://www.nbcnews.com/tech/tech-news/4chan-trolls-impersonate-jewish-people-social-media-spread-hate-n1049326,2019-09-06,2019-09-03,False,3,en,en,True,4chan trolls impersonate Jewish people on social media to spread hate,4chan trolls impersonate Jewish people on social media to spread hate,True
https://www.goal.com/br/not%C3%ADcias/presidente-confirma-clausula-perigosa-de-messi-no-barca-xavi/143h9292saxqs11fmco05uxrzu,2019-09-06,2019-09-06,True,0,pt,pt,True,"Presidente confirma cláusula 'perigosa' de Messi no Barça: ""Xavi e outros também tinham""","Presidente confirma cláusula 'perigosa' de Messi no Barça: ""Xavi e outros também tinham""",True
https://startsat60.com/discover/lifestyle/motoring/2019-volvo-s60-t5-review-new-volvo,2019-07-14,2019-07-15,False,-1,en,en,True,Viva la Volvo! The latest offering from the Swedish car maker hits the jackpot,Viva la Volvo! The latest offering from the Swedish car maker hits the jackpot,True
https://www.lanuovasardegna.it/sassari/cronaca/2020/01/04/news/l-ersu-si-difende-mancano-le-risorse-per-le-borse-di-studio-1.38289933,2020-01-03,2020-01-04,False,-1,it,it,True,L’Ersu si difende: mancano le risorse per le borse di studio,L’Ersu si difende: mancano le risorse per le borse di studio,True
https://spectrumlocalnews.com/nys/rochester/news/2019/07/01/rochester-fatal-car-crash-pennsylvania-,2019-07-02,2019-07-01,False,1,en,en,True,5 People from Rochester Involved in Pennsylvania Crash,"City Employee, 1 Other Killed in Pennsylvania Crash",False
https://www.ilnapolista.it/2019/09/champions-league-la-lista-del-genk/,2019-09-07,2019-09-07,True,0,it,it,True,Champions League: la lista del Genk,Champions League: la lista del Genk,True
http://rssfeeds.jsonline.com/~/602850750/0/milwaukee/sports~Itaposs-a-Barty-party-Australian-wins-st-major-at-French-Open/,2019-06-08,2019-06-08,True,0,en,en,True,It&apos;s a Barty party: Australian wins 1st major at French Open,It's a Barty party: Australian wins 1st major at French Open,False
http://m.tn.com.ar/show/el-twitter/las-estrellas-de-hollywood-despiden-a-philip-seymour-hoffman_443795,2014-02-02,2014-02-02,True,0,es,es,True,Las estrellas de Hollywood despiden a Philip Seymour Hoffman,Las estrellas de Hollywood despiden a Philip Seymour Hoffman,True
https://www.cbc.ca/news/canada/montreal/quebec-kindergarten-four-year-olds-1.5019207?cmp=rss,2019-02-14,2019-02-14,True,0,en,en,True,CAQ government moves to offer pre-K classes across province,CAQ government moves to offer pre-K classes across province,True
https://www.fosters.com/news/20190222/gov-sununu-proclaims-girl-scout-cookie-weekend-in-nh?rssfeed=true,2019-02-22,2019-02-22,True,0,en,en,True,Gov. Sununu proclaims Girl Scout Cookie weekend in NH,Gov. Sununu proclaims Girl Scout Cookie weekend in NH,True
http://www.janes.com/article/70590/usaf-accuses-chinese-aircraft-of-conducting-unprofessional-intercept?from_rss=1,2017-05-18,2022-08-10,False,-1910,en,en,True,USAF accuses Chinese aircraft of conducting 'unprofessional intercept',Latest defence and security news,False
http://www.escapistmagazine.com/news/view/161342-Blizzard-Reveals-Warcraft-Movie-Trailer?utm_source=rss&utm_medium=rss&utm_campaign=news,2015-11-06,2015-11-07,False,-1,en,en,True,Blizzard Reveals Warcraft Movie Trailer,Blizzard Reveals Warcraft Movie Trailer,True
https://168.am/2019/02/07/1078729.html,2019-02-07,2019-02-07,True,0,hy,hy,True,Ապրիլի 24-ի վերաբերյալ Մակրոնի հայտարարությանը արձագանքել է նաև Թուրքիայի ԱԳՆ-ն,Ապրիլի 24-ի վերաբերյալ Մակրոնի հայտարարությանը արձագանքել է նաև Թուրքիայի ԱԳՆ-ն,True
http://probasketballtalk.nbcsports.com/2013/06/22/dwyane-wade-has-knee-drained-before-game-7/,2013-06-22,2013-06-22,True,0,en,en,True,Dwyane Wade had knee drained before Game 7,Dwyane Wade had knee drained before Game 7,True
http://wandaphullworld.com/,2015-08-17,2018-12-12,False,-1213,en,cs,False,wandaphullworld.com,Internetový obchod s trávou Česko,False
https://www.letelegramme.fr/cotes-darmor/lannion/ecole-quatre-jours-et-demi-bien-digeres-19-12-2018-12166816.php?utm_source=rss_telegramme&utm_medium=rss&utm_campaign=rss&xtor=RSS-21,2018-12-19,2018-12-19,True,0,fr,fr,True,École. Quatre jours et demi bien digérés,École. Quatre jours et demi bien digérés,True
https://www.vox.com/2018/12/19/18147495/mueller-grand-jury-mystery-country-a,2018-12-19,2018-12-19,True,0,en,en,True,"The mysterious grand jury appeal that may be tied to the Mueller investigation, explained","The mysterious grand jury appeal reportedly tied to the Mueller investigation, explained",False
https://fixedpointtheoryandapplications.springeropen.com/articles/10.1186/1687-1812-2014-54,2014-05-04,2014-03-04,False,61,en,en,True,"Iterative algorithm of common solutions for a constrained convex minimization problem, a quasi-variational inclusion problem and the fixed point problem of a strictly pseudo-contractive mapping","Iterative algorithm of common solutions for a constrained convex minimization problem, a quasi-variational inclusion problem and the fixed point problem of a strictly pseudo-contractive mapping",True
http://www.bignewsnetwork.com/news/240860627/sag-awards-uzo-aduba-wins-best-actress-in-a-comedy-series-for-ampoitnbamp,2016-01-31,2022-08-10,False,-2383,en,en,True, SAG Awards: Uzo Aduba Wins Best Actress in a Comedy Series for &#039;OITNB&#039; ,"Breaking News Around the World, Latest News",False
http://www.bbc.co.uk/news/business-33962549#sa-ns_mchannel=rss&ns_source=PublicRSS20-sa,2015-08-17,2015-08-17,True,0,en,en,True,Why a rise in US interest rates is still risky,Why a rise in US interest rates is still risky,True
https://iltirreno.gelocal.it/lucca/cronaca/2021/02/07/news/si-frattura-un-ginocchio-mentre-sta-sciando-al-casone-di-profecchia-1.39874189,2021-02-06,2021-02-07,False,-1,it,it,True,Si frattura un ginocchio mentre sta sciando al Casone di Profecchia,Si frattura un ginocchio mentre sta sciando al Casone di Profecchia,True
https://mediaindonesia.com/read/detail/365747-beli-bmw-x5-pinangki-disebut-tidak-lapor-ppatk,2020-12-02,2020-12-02,True,0,id,id,True,"Beli BMW X5, Pinangki Disebut tidak Lapor PPATK","Beli BMW X5, Pinangki Disebut tidak Lapor PPATK",True
https://www.scmp.com/tech/apps-social/article/3110190/baidu-buys-live-streaming-service-yy-it-seeks-catch-rivals-such,2020-11-17,2020-11-17,True,0,en,en,True,Baidu buys live-streaming service YY as it seeks to catch rivals such as ByteDance and Tencent in new online ad channels,Baidu buys live-streaming service YY as its seeks to catch video rivals,False
https://valor.globo.com/politica/noticia/2021/06/10/lula-defende-aliana-ampla-e-acena-ao-psb-em-primeiro-dia-de-viagem-ao-rio.ghtml,2021-06-10,2021-06-10,True,0,pt,pt,True,Lula defende aliança ampla e acena ao PSB em primeiro dia de viagem ao Rio,Lula defende aliança ampla e acena ao PSB em primeiro dia de viagem ao Rio,True
https://www.telecinco.es/top-star/sislena-gana-gala-opera_18_3160248396.html,2021-06-26,2021-06-27,False,-1,es,es,True,"Sislena se proclama reina de la ópera en 'Top star': ""Lo tuyo es sobrenatural""","Sislena se proclama reina de la ópera en 'Top star': ""Lo tuyo es sobrenatural""",True
https://country106.ca/2021/03/29/province-to-invest-6-million-in-hopes-of-increasing-number-of-rural-docs-in-alberta/,2021-03-29,2021-03-29,True,0,en,en,True,Province To Invest $6-Million in Hopes of Increasing Number of Rural Docs in Alberta,Province To Invest $6-Million in Hopes of Increasing Number of Rural Docs in Alberta,True
https://www.taipeitimes.com/News/sport/archives/2020/05/12/2003736242,2020-05-11,2020-05-12,False,-1,en,en,True,Chiefs take center stage as they chase repeat,Chiefs take center stage as they chase repeat,True
http://www.elimparcial.com/mexico/Adrian-LeBaron-le-pide-a-AMLO-que-lo-nombre-embajador-20191201-0122.html,2019-12-01,2019-12-01,True,0,es,es,True,Adrián LeBarón le pide a AMLO que lo nombre embajador,Adrián LeBarón le pide a AMLO que lo nombre embajador,True
https://www.mercurynews.com/2020/10/15/rapper-kanye-west-is-on-your-ballot-how-did-that-happen/,2020-10-15,2020-10-15,True,0,en,en,True,Rapper Kanye West is on your ballot. How did that happen?,Rapper Kanye West is on your ballot. How did that happen?,True
https://www.washingtonpost.com/technology/2020/07/07/dnc-facebook-criticism-trump/,2020-07-08,2020-07-07,False,1,en,en,True,DNC blasts Facebook for unkept promises ahead of ad boycott meetings,DNC blasts Facebook for ‘unkept promises’ ahead of ad boycott meetings,False
http://www.presseportal.de/pm/30621/3046494,2015-06-14,2015-06-14,True,0,de,de,True,Rheinische Post: Ifo-Chef Sinn zieht Grexit weiteren Rettungsprogrammen vor,Rheinische Post: Ifo-Chef Sinn zieht Grexit weiteren Rettungsprogrammen vor,True
https://www.tz.de/welt/deutschland-wetter-warnung-vorhersage-winter-prognose-schnee-orkan-experte-dwd-zr-13252274.html?cmp=defrss,2019-12-06,2019-12-07,False,-1,de,de,True,Wetter in Deutschland: Experten warnen - nicht nur vor Glatteis,Deutschland-Wetter: Experten warnen vor Gefahren,False
http://www.mehrnews.com/news/3573375/حضور-مردم-در-انتخابات-دستاوردهای-زیادی-برای-کشور-به-ارمغان-آورد,2016-03-05,2016-03-05,True,0,fa,fa,True,حضور مردم در انتخابات دستاوردهای زیادی برای کشور به ارمغان آورد,حضور مردم در انتخابات دستاوردهای زیادی برای کشور به ارمغان آورد,True
http://www.itv.com/news/2016-01-04/mp-simon-danczuk-faces-police-investigation-over-rape-allegation/,2016-01-04,2016-01-04,True,0,en,en,True,MP Simon Danczuk faces police investigation over rape allegation,MP Simon Danczuk investigated over rape allegation,False
http://www.thestar.com.my/tech/tech-news/2016/01/05/smartphones-are-driving-consumer-demand-for-connected-cars-to-an-all-time-high/,2016-01-04,2016-01-05,False,-1,en,en,True,Smartphones are driving consumer demand for connected cars to an all-time high,Smartphones are driving consumer demand for connected cars to an all-time high,True
http://thelocalne.ws/2020/01/25/icam-schedule-jan-26-feb-1/,2020-01-25,2020-01-25,True,0,en,en,True,ICAM schedule Jan. 26 &#8211; Feb. 1,ICAM schedule Jan. 26 - Feb. 1,False
https://dailypost.ng/2020/07/08/amechi-bridge-gov-ugwuanyi-has-wiped-away-my-tears-sen-nwobodo/,2020-07-08,2020-07-08,True,0,en,en,True,Amechi Bridge: Gov. Ugwuanyi has wiped away my tears – Sen. Nwobodo,Amechi Bridge: Gov. Ugwuanyi has wiped away my tears – Sen. Nwobodo,True
https://www.nsk.se/2020/11/21/howards-twittrade-mystiskt-innan-flytten/,2020-11-20,2020-11-21,False,-1,sv,sv,True,Howards twittrade mystiskt innan flytten,Howard twittrade mystiskt innan flytten,False
https://www.adnkronos.com/fatti/cronaca/2020/11/16/puglia-zona-rossa-richiesta-dei-medici_2RJJ1aiYz7NBkWxxti8riJ.html,2020-11-16,2020-12-12,False,-26,it,it,True,"""Puglia zona rossa'', la richiesta dei medici","""Puglia zona rossa'', la richiesta dei medici",True
https://screenrant.com/wrath-of-man-2021-movie-reviews/,2021-05-06,2021-05-06,True,0,en,en,True,Wrath of Man Review: Statham Leads Action-Packed Thriller With Personality,Wrath of Man Review: Statham Leads Action-Packed Thriller With Personality,True
https://www.youtube.com/watch?time_continue=1&v=YWxtevzvk5g&feature=emb_logo,2020-04-24,2020-04-24,True,0,en,en,True,Should the Coronavirus Lockdowns End Immediately? A Soho Forum Debate,Should the Coronavirus Lockdowns End Immediately? A Soho Forum Debate,True
https://vz.ru/news/2019/12/6/1012211.html,2019-12-06,2019-12-06,True,0,ru,ru,True,Сбербанк назвал самые популярные способы кражи денег с карт,Сбербанк назвал самые популярные способы кражи денег с карт,True
https://www.salamanca24horas.com/texto-diario/mostrar/2058328/reventon-agua-plaza-toros,2020-08-15,2020-08-15,True,0,es,es,True,VÍDEO | Un reventón a la altura de la Plaza de Toros produce una gran riada,Un reventón a la altura de la Plaza de Toros produce una gran riada,False
"https://www.correiobraziliense.com.br/app/noticia/politica/2020/03/23/interna_politica,836159/bolsonaro-anuncia-expansao-do-bolsa-familia-para-incluir-1-5-mi-de-fam.shtml",2020-03-23,2020-03-23,True,0,pt,pt,True,"Bolsonaro anuncia expansão do Bolsa Família para incluir 1,5 mi de famílias","Bolsonaro anuncia expansão do Bolsa Família para incluir 1,5 mi de famílias",True
http://g1.globo.com/pe/petrolina-regiao/noticia/2015/12/mulher-e-presa-em-flagrante-por-trafico-de-drogas-em-petrolina-pe.html,2015-12-10,2015-12-10,True,0,pt,pt,True,"Mulher é presa em flagrante por tráfico de drogas em Petrolina, PE","Mulher é presa em flagrante por tráfico de drogas em Petrolina, PE",True
http://www.kp.ru/online/news/4310743/?from=twall,2021-05-30,2021-05-30,True,0,ru,ru,True,Обнаженную девушку случайно показали в прямом эфире украинского телеканала,Обнаженную девушку случайно показали в прямом эфире украинского телеканала,True
https://www.thehindu.com/business/indian-bank-okays-divesting-stake-in-asrec/article34000015.ece,2021-03-05,2021-03-05,True,0,en,en,True,Indian Bank okays divesting stake in ASREC,Indian Bank okays divesting stake in ASREC,True
http://www.elpais.com.co/deportes/ciclismo/cali-acogera-a-la-preseleccion-colombia-de-pista-para-los-juegos-panamericanos-junior.html,2021-03-09,2021-03-09,True,0,es,es,True,Cali acogerá a la preselección Colombia de pista para los Juegos Panamericanos Junior,Cali acogerá a la preselección Colombia de pista para los Juegos Panamericanos Junior,True
https://www.thenews.com.pk/print/786676-govt-opposition-lock-horns-as-sc-hears-senate-open-ballot-case-today,2021-02-07,2021-02-08,False,-1,en,en,True,"Govt, opposition lock horns as SC hears Senate open ballot case today","Govt, opposition lock horns as SC hears Senate open ballot case today",True
http://dnrtv.org.vn/tin-tuc-n124574/quan-tam-tro-giup-phap-ly-cho-nguoi-khuyet-tat.html,2022-05-29,2022-04-09,False,50,vi,vi,True,Bản tin tiêu điểm kinh tế thế giới ngày 09-04-2022,Bản tin tiêu điểm kinh tế thế giới ngày 09-04-2022,True
https://ndtv.in/videos/des-ki-baat-jamiat-ulema-hind-said-country-is-ours-will-not-go-anywhere-635179,2022-05-29,2022-05-29,True,0,hi,hi,True,"देस की बात: जमीयत उलेमा हिंद ने कहा, 'मुल्क हमारा है, कहीं नहीं जाएंगे'","देस की बात: जमीयत उलेमा हिंद ने कहा, मुल्क हमारा है, कहीं नहीं जाएंगे वीडियो",False
https://www.pakistantoday.com.pk/2022/06/03/china-pakistan-to-strengthen-cooperation-on-disaster-risk-reduction/,2022-06-03,2022-06-03,True,0,en,en,True,"China, Pakistan to strengthen cooperation on disaster risk reduction","China, Pakistan to strengthen cooperation on disaster risk reduction",True
https://www.vecernji.hr/sport/kako-su-igrali-bockaj-igrao-savrseno-petkovic-nastavio-s-dobrom-formom-1586846,2022-05-15,2022-05-15,True,0,hr,hr,True,"Kako su igrali? Bočkaj igrao savršeno, Petković nastavio s dobrom formom","Kako su igrali? Bočkaj igrao savršeno, Petković nastavio s dobrom formom",True
https://tamil.oneindia.com/news/chennai/duraimurugan-announce-dmk-district-secretaries-meeting-on-may-28-459406.html,2022-05-23,2022-05-23,True,0,ta,ta,True,மே 28-ஆம் தேதி திமுக மாவட்டச் செயலாளர்கள் கூட்டம்! எதைப் பற்றி பேசப்போகிறார்கள் தெரியுமா?,மே 28-ஆம் தேதி திமுக மாவட்டச் செயலாளர்கள் கூட்டம்! எதைப் பற்றி பேசப்போகிறார்கள் தெரியுமா?,True
http://ici.radio-canada.ca/nouvelle/1885094/services-sante-forestville-reduction-rupture-urgence-radiologie,2022-05-20,2022-05-20,True,0,fr,fr,True,Réduction et rupture de services en santé à venir à Forestville,Réduction et rupture de services en santé à venir à Forestville,True
http://diariocorreo.pe/economia/mira-el-precio-del-dolar-al-cierre-de-la-sesion-758493/,2017-06-27,2017-06-27,True,0,es,es,True,Mira el precio del dólar al cierre de la sesión ,Mira el precio del dólar al cierre de la sesión,False
http://bola.inilah.com/read/detail/2237626/city-tak-pikirkan-kutukan-di-liga-champions,2015-09-15,2015-09-15,True,0,ms,id,False,City Tak Pikirkan 'Kutukan' di Liga Champions,City Tak Pikirkan 'Kutukan' di Liga Champions,True
https://www.elperiodico.com/es/yotele/20201127/claudia-traisacjavier-morgade-lo-que-paso-esa-noche-cosmo-violencia-genero-8224992?utm_source=rss-noticias&utm_medium=feed&utm_campaign=yotele,2020-11-27,2020-11-27,True,0,es,es,True,"Claudia Traisac y Javier Morgade protagonizan 'Lo de aquella noche', el corto de Cosmo contra la violencia de género","Claudia Traisac y Javier Morgade protagonizan 'Lo de aquella noche', el corto de Cosmo contra la violencia de género",True
http://naidunia.jagran.com/chhattisgarh/bilaspur-addmition-me-gadbde-news-1219139,2017-06-27,2017-06-28,False,-1,hi,hi,True,"मैं पीएमओ से बोल रहा हूं,छात्र को प्रवेश मिलना चाहिए",मैं पीएमओ से बोल रहा हूं छात्र को प्रवेश मिलना चाहिए,False
https://www.ilgiornale.it/news/politica/calabria-ira-centrodestra-governo-incapaci-1901950.html,2020-11-08,2020-11-08,True,0,it,it,True,"Calabria, l'ira del centrodestra: ""È un governo di incapaci""","Calabria, l'ira del centrodestra: ""È un governo di incapaci""",True
https://www.salzgitter-zeitung.de/leute/article230430256/Die-Party-faellt-aus-Prinsjesdag-in-den-Niederlanden.html,2020-09-15,2020-09-15,True,0,de,de,True,Volksfest: Die Party fällt aus: Prinsjesdag in den Niederlanden,Die Party fällt aus: Prinsjesdag in den Niederlanden,False
https://siamrath.co.th/n/209592,2021-01-05,2021-01-06,False,-1,th,th,True,ศรพระราม (6/1/64),ศรพระราม (6/1/64) สยามรัฐ,False
"https://www.terra.com.br/noticias/juliano-moreira-o-psiquiatra-negro-que-revolucionou-o-tratamento-de-transtornos-mentais-no-brasil,40bf524a8e78a2f01ee12786e5381eeb0meutpmn.html",2021-01-06,2021-01-06,True,0,pt,pt,True,Juliano Moreira: o psiquiatra negro que revolucionou o tratamento de transtornos mentais no Brasil,Juliano Moreira: o psiquiatra negro que revolucionou o tratamento de transtornos mentais no Brasil,True
https://www.nytimes.com/2020/09/14/us/politics/trump-middle-east-accords.html,2020-09-14,2020-09-14,True,0,en,en,True,A White House Ceremony Will Celebrate a Diplomatic Win and Campaign Gift,A White House Ceremony Will Celebrate a Diplomatic Win and Campaign Gift (Published 2020),False
https://justthenews.com/politics-policy/coronavirus/covid-19-close-losing-its-epidemic-status-us-according-cdc,2020-07-05,2020-07-04,False,1,en,en,True,Bad News for Democrat Control Freaks: CDC Reveals Chi-Com Virus Deaths Have Nearly Reached Level Where Virus Will Cease to Qualify as an Epidemic,"COVID-19 is close to losing its epidemic status in the U.S., according to the CDC",False
https://www.macrumors.com/2020/12/16/facebook-takes-out-full-page-ads-to-attack-apple/,2020-12-16,2020-12-16,True,0,en,en,True,Facebook Takes Out Full-Page Newspaper Ads to Attack Apple's iOS Privacy Changes,Facebook Takes Out Full-Page Newspaper Ads to Attack Apple's iOS Privacy Changes,True
https://www.theguardian.com/technology/2018/aug/29/coding-algorithms-frankenalgos-program-danger,2018-08-30,2018-08-30,True,0,en,en,True,Franken-algorithms: the deadly consequences of unpredictable code,Franken-algorithms: the deadly consequences of unpredictable code,True
http://newsroom.calgary.ca/paying-tribute-to-albertas-fallen-officers/,2020-09-26,2020-09-25,False,1,en,en,True,Paying tribute to Albertas fallen officers,Paying tribute to Alberta’s fallen officers,False
http://www.ziaruldeiasi.ro//stiri/tabuurile-sexuale-din-evul-mediu-si-reglementarile-bisericii--11250.html,2013-05-31,2013-05-31,True,0,ro,ro,True,Tabuurile sexuale din Evul Mediu şi reglementările Bisericii  ,Tabuurile sexuale din Evul Mediu şi reglementările Bisericii,False
